{
  "overall_correlation": 0.9200797380892753,
  "mse": 0.17907123231031322,
  "rmse": 0.4231680899008256,
  "psnr": 19.349273568559497,
  "mean_sample_correlation": 0.9200061004352745
}